profileUrl,fullName,firstName,lastName,companyName,title,companyId,companyUrl,regularCompanyUrl,summary,titleDescription,industry,companyLocation,location,durationInRole,durationInCompany,pastExperienceCompanyName,pastExperienceCompanyUrl,pastExperienceCompanyTitle,pastExperienceDate,pastExperienceDuration,connectionDegree,profileImageUrl,sharedConnectionsCount,name,vmid,linkedInProfileUrl,isPremium,isOpenLink,query,timestamp,defaultProfileUrl,searchAccountProfileId,searchAccountProfileName
"https://www.linkedin.com/sales/lead/ACwAAAADgAcB8sddRR6Qz0rLwoCloLL2vPHzjOk,NAME_SEARCH,vTtA",Jop Blom,Jop,Blom,CleantechHUB,Co-Founder Cleantech Hub,72031636,https://www.linkedin.com/sales/company/72031636,https://www.linkedin.com/company/72031636,"👋 Hi, my name is Jop Blom.

I am a serial social entrepreneur and interim advisor with 25+ years of international experience in accelerating social & sustainable entrepreneurship for measurable impact.

Alongside building and leading my own ventures, I regularly work as an interim advisor or consultant for organisations and start to scale up that want to accelerate their impact. From strategy to implementation. 

I support governments, corporates, funds, start-ups, NGOs and ecosystem actors on:
- sustainability & impact strategy
- climate, intra- and entrepreneurship acceleration programs
- (international) scale, business development, ecosystem building & fundraising
- public–private partnerships
- sustainable branding, trade and export promotion

I typically step in as a temporary extension of the team: bringing senior capacity, external perspective and execution power to help organisations move faster, make sharper choices and translate ambition into measurable impact.

I am founder of Behold International and co-founder of CleantechHUB, working across Europe, Latin America, Asia and Africa.

Selected clients & partners:
Air France KLM, Ordina, Berenschot, Anglo American Platinum, LG Philips, Red Bull, Ben & Jerry’s, Lidl, Albert Heijn, Jumbo, Kaufland, Sustainable Rice Platform, UNDP, Irish Aid, GIZ, IPD, P4G, Red Cross, RVO, Ministry of Foreign Affairs (NL), CBI, War Child, Close the Gap, GoodUp, Justdiggit, Impact Hub, Rockstart, Climate-KIC, ClimateLaunchpad — and 1,000+ climate start-ups and scale-ups supported via CleantechHUB and Generous Minds.

Open to interim advisory and consultancy roles where purpose, strategy and delivery come together.

We believe the best way to predict a better future is to create it.

#sustainability #climate #impact #interim #consulting #partnerships #entrepreneurship","Driving green entrepreneurship & cleantech innovation ecosystems through a holistic entrepreneurship support programs in ideation, incubation, acceleration and access to markets, finance and ecosystem support! Fixing climate change one start to scale up at a time! www.cleantechhub.net",Non-profit Organizations,"Cundinamarca, Colombia","The Randstad, Netherlands",7 years 9 months in role,7 years 9 months in company,The Experience Factory,,Co-Founder,01/2018-01/2022,4 years,1st,https://media.licdn.com/dms/image/v2/C4E03AQE7XjRUgpwTsA/profile-displayphoto-shrink_800_800/profile-displayphoto-shrink_800_800/0/1597837405554?e=1790208000&v=beta&t=E3Tbe01v-qTREYHO44RWlkA1dLpANEwi_Wkq1xAOsvU,319,Jop Blom,ACwAAAADgAcB8sddRR6Qz0rLwoCloLL2vPHzjOk,https://www.linkedin.com/in/ACwAAAADgAcB8sddRR6Qz0rLwoCloLL2vPHzjOk/,FALSE,FALSE,https://www.linkedin.com/sales/search/people?query=(recentSearchParam%3A(id%3A5869504602%2CdoLogHistory%3Atrue)%2CspellCorrectionEnabled%3Atrue%2Cfilters%3AList((type%3ARELATIONSHIP%2Cvalues%3AList((id%3AF%2Ctext%3A1st%2520degree%2520connections%2CselectionType%3AINCLUDED)))%2C(type%3ACONNECTION_OF%2Cvalues%3AList((id%3AACwAAAn2NDEBGumkSP-qxyxZk6BvpJETw5-rZ9I%2Ctext%3ADr.%2520Kauan%2520von%2520Novack%2CselectionType%3AINCLUDED)))%2C(type%3AREGION%2Cvalues%3AList((id%3A102890719%2Ctext%3ANetherlands%2CselectionType%3AINCLUDED)%2C(id%3A100364837%2Ctext%3APortugal%2CselectionType%3AINCLUDED)%2C(id%3A101282230%2Ctext%3AGermany%2CselectionType%3AINCLUDED)%2C(id%3A106057199%2Ctext%3ABrazil%2CselectionType%3AINCLUDED)%2C(id%3A105646813%2Ctext%3ASpain%2CselectionType%3AINCLUDED)))%2C(type%3ASENIORITY_LEVEL%2Cvalues%3AList((id%3A320%2Ctext%3AOwner%2520%252F%2520Partner%2CselectionType%3AINCLUDED)%2C(id%3A310%2Ctext%3ACXO%2CselectionType%3AINCLUDED)%2C(id%3A300%2Ctext%3AVice%2520President%2CselectionType%3AINCLUDED)))%2C(type%3AYEARS_OF_EXPERIENCE%2Cvalues%3AList((id%3A5%2Ctext%3AMore%2520than%252010%2520years%2CselectionType%3AINCLUDED)%2C(id%3A4%2Ctext%3A6%2520to%252010%2520years%2CselectionType%3AINCLUDED))))%2Ckeywords%3A%2528%2522founder%2522%2520OR%2520%2522co-founder%2522%2520OR%2520%2522owner%2522%2520OR%2520%2522managing%2520partner%2522%2520OR%2520%2522general%2520partner%2522%2520OR%2520%2522managing%2520director%2522%2520OR%2520%2522president%2522%2520OR%2520%2522vice%2520president%2522%2529)&sessionId=9StJpps%2FQUOR1H6sJzFVNg%3D%3D&viewAllFilters=true,2026-09-04T15:39:40.862Z,https://linkedin.com/in/jopblom,573350508,Joey Moreau
"https://www.linkedin.com/sales/lead/ACwAAAEj4SYBo4FdJYJ2ZYpu0D77gV7VtME-HpY,NAME_SEARCH,F1zg",Merijn Everaarts,Merijn,Everaarts,Dopper,Founder & Owner,3073028,https://www.linkedin.com/sales/company/3073028,https://www.linkedin.com/company/3073028,"My mission is to inspire individuals, businesses, and organizations, teaching them how to implement systemic change and sustainable (business) practices. How? I offer 1:1 mentorships for ambitious sustainable entrepreneurs. If you're ready to embark on your own journey toward a better world, don't hesitate to visit my personal website for more details and get in touch. Together, we can create a more sustainable and impactful future.

Founder and owner of Dopper, Mama Gaia, and Oceans, as well as a sustainability ambassador, speaker, and advisor. My journey began in 2009 when I sat on the beach and witnessed the overwhelming amount of plastic waste left behind after a sunny day, slowly being consumed by the sea. At that very moment, I felt a calling to take action. It was the birth of the idea for sustainable water bottles that could help people reduce their single-use plastic waste, and that's when the Dopper was born.

In October 2010, the iconic Dopper design that we all know today, hit the market. Fast forward to 2023, and over 10 million people have embraced the Dopper, making it the world's #1 sustainable water bottle, proudly Cradle2Cradle certified GOLD.

Dopper became the flagship of my sustainable mission, illustrating how to drive global, systemic change. However, my commitment to sustainability doesn't end there.

I also own two other successful sustainability-focused businesses. Oceans, a sustainable co-workspace in Haarlem, is on a mission to inspire organizations and businesses to work more flexibly, accelerate progress, and create meaningful change.

Mama Gaia, an award-winning, plant-based restaurant in Haarlem, is where I'm fostering systemic change through sustainable and delicious food choices.

Today, my primary focus is on sharing my experience and insight as a speaker and providing guidance as an advisor and mentor. You'll find me talking on stage at various events and giving 1:1 mentor sessions.","Proud founder and owner of the Dopper.

Dopper, a social enterprise (certified B-Corp), established since October 2009, promotes tap water to reduce plastic waste from single use plastic (mineral water) bottles. 
With part of the proceeds as well as in kind, Dopper contributes to drinking water projects in Nepal and education in western countries on reducing plastic waste. 

To make it easy for people not to use anymore single used bottles, Dopper has ‘the perfect bottle for tap water’. A Dutch design, 'the Original' is made in Holland with a net cero carbon footprint and without any toxins like BPA and with a Cradle2Cradle GOLD certification (since 2023), it can claim to be the best sustainable water bottle in the world.
Next to the 'Original', the portfolio contains a Steel, an Insulated and a Glass variation. All also Cradle2Cradle certified.

To give easy access to tap water, Dopper created an indoor water tap.
Offices, canteens and other indoor places can provide (filtered) tap water at any time of the day.
The Dopper water tap is, like the bottle, awarded with the Red Dot Award and the IF-design-Award.

Join our wave of change! 
Just refill!",Consumer Goods,"Haarlem, North Holland, Netherlands","Haarlem, North Holland, Netherlands",17 years 1 month in role,17 years 1 month in company,Mama Gaia Haarlem,https://www.linkedin.com/company/68048748,Founder & owner of Plant Based Restaurant Mama Gaia,09/2020-08/2024,3 years 11 months,1st,https://media.licdn.com/dms/image/v2/D4E03AQEHAMi9RQ3iSw/profile-displayphoto-shrink_800_800/profile-displayphoto-shrink_800_800/0/1697462531561?e=1790208000&v=beta&t=0XBkCdr54CoKSOqESpj5bEN8n3xd_8HsgfFI_Ypk5_Y,280,Merijn Everaarts,ACwAAAEj4SYBo4FdJYJ2ZYpu0D77gV7VtME-HpY,https://www.linkedin.com/in/ACwAAAEj4SYBo4FdJYJ2ZYpu0D77gV7VtME-HpY/,FALSE,FALSE,https://www.linkedin.com/sales/search/people?query=(recentSearchParam%3A(id%3A5869504602%2CdoLogHistory%3Atrue)%2CspellCorrectionEnabled%3Atrue%2Cfilters%3AList((type%3ARELATIONSHIP%2Cvalues%3AList((id%3AF%2Ctext%3A1st%2520degree%2520connections%2CselectionType%3AINCLUDED)))%2C(type%3ACONNECTION_OF%2Cvalues%3AList((id%3AACwAAAn2NDEBGumkSP-qxyxZk6BvpJETw5-rZ9I%2Ctext%3ADr.%2520Kauan%2520von%2520Novack%2CselectionType%3AINCLUDED)))%2C(type%3AREGION%2Cvalues%3AList((id%3A102890719%2Ctext%3ANetherlands%2CselectionType%3AINCLUDED)%2C(id%3A100364837%2Ctext%3APortugal%2CselectionType%3AINCLUDED)%2C(id%3A101282230%2Ctext%3AGermany%2CselectionType%3AINCLUDED)%2C(id%3A106057199%2Ctext%3ABrazil%2CselectionType%3AINCLUDED)%2C(id%3A105646813%2Ctext%3ASpain%2CselectionType%3AINCLUDED)))%2C(type%3ASENIORITY_LEVEL%2Cvalues%3AList((id%3A320%2Ctext%3AOwner%2520%252F%2520Partner%2CselectionType%3AINCLUDED)%2C(id%3A310%2Ctext%3ACXO%2CselectionType%3AINCLUDED)%2C(id%3A300%2Ctext%3AVice%2520President%2CselectionType%3AINCLUDED)))%2C(type%3AYEARS_OF_EXPERIENCE%2Cvalues%3AList((id%3A5%2Ctext%3AMore%2520than%252010%2520years%2CselectionType%3AINCLUDED)%2C(id%3A4%2Ctext%3A6%2520to%252010%2520years%2CselectionType%3AINCLUDED))))%2Ckeywords%3A%2528%2522founder%2522%2520OR%2520%2522co-founder%2522%2520OR%2520%2522owner%2522%2520OR%2520%2522managing%2520partner%2522%2520OR%2520%2522general%2520partner%2522%2520OR%2520%2522managing%2520director%2522%2520OR%2520%2522president%2522%2520OR%2520%2522vice%2520president%2522%2529)&sessionId=9StJpps%2FQUOR1H6sJzFVNg%3D%3D&viewAllFilters=true,2026-09-04T15:39:40.862Z,https://linkedin.com/in/merijneveraarts,573350508,Joey Moreau
"https://www.linkedin.com/sales/lead/ACwAAACj8KUBIpRIocLN1rSbjSTCPJoDPXk-yoc,NAME_SEARCH,C0xz",Roel V.,Roel,V.,Eneve,Principal | Strategy & Change,2250189,https://www.linkedin.com/sales/company/2250189,https://www.linkedin.com/company/2250189,"Change is inevitable, but progress is a choice. With over 15 years of experience in strategy and leadership execution, I help organizations navigate complex challenges and drive sustainable growth. My core focus? Bridging the gap between high-level strategic vision and ground-level execution.HOW I WORK I believe in moving beyond theoretical frameworks. A successful strategy is only as good as its implementation. My no-nonsense, result-driven approach enables me to quickly identify the root causes of complex business issues. As a scenario thinker, I anticipate the impact of proposed solutions across all business units. By leveraging strong business acumen and interpersonal skills, I gain the necessary buy-in to drive change effectively on both a commercial and a cultural level.HOW I ADD VALUE I specialize in guiding leadership teams through critical phases, offering: • Strategic Breakthroughs:    Providing a refreshing second opinion to challenge existing scenarios and overcome bottlenecks. • Execution &amp; Implementation:    Designing practical, new approaches to successfully execute current strategies. • Transitional Guidance:    Advising during (pre-)investment, M&amp;A, or (pre-)exit phases. • Organizational Agility:    Breaking down silos to build a sustainable, cost-effective, and future-proof way of working. • Executive Leadership:    Acting as a sounding board and coach for C-level and senior management.CORE EXPERTISE &amp; KNOWLEDGE AREAS • Digital &amp; Online: E-commerce, SaaS, Platforms, Digitalization, Automation • Strategy &amp; Growth: Business Models, Internationalization, Market Expansion • Data-Driven Business: AI, Analytics, BI, Customer Data Platforms (CDP), CX • Innovation: New Propositions, Product Development, Strategic Partnerships","Leveraging two decades of experience in business innovation and strategy to help organizations successfully navigate the complex energy transition. At Eneve, my focus is on building strategic partnerships and co-creating solutions that drive real sustainable business value.

How I add value:
• Strategic Advisory & Partnership: Partnering with leaders in the energy and utility sector to translate high-level strategic ambitions into tangible, scalable operational results
• Business Innovation: Designing and implementing forward-thinking strategies that help organizations capitalize on new opportunities within a rapidly evolving market
• Data-Driven Transformation: Bridging the gap between complex market dynamics and data execution to optimize energy operations and value chains
• Sustainable Growth: Guiding clients through major market transitions, ensuring long-term profitability while accelerating their sustainable impact

Eneve as:
• The Energy Transition Enabler: A strategic partner dedicated to the energy transition, enabling clients to optimize the flow of energy and value across the entire chain
• The Sustainability & Data Pioneer: Envisioning a completely sustainable, liquid, and transparent European energy market where real-time data drives critical decisions on how to produce and consume energy

Keywords: #EnergyTransition #StrategicAdvisory #BusinessInnovation #Sustainability #ValueCreation #Partnerships",IT Services and IT Consulting,"Utrecht, Utrecht, Netherlands","Elburg, Gelderland, Netherlands",6 months in role,6 months in company,Youvia,https://www.linkedin.com/company/34948537,(interim/freelance) Director Business Development | Youvia & Gouden Gids,06/2021-05/2022,11 months,1st,https://media.licdn.com/dms/image/v2/D4E03AQHHvjLfxLSp8g/profile-displayphoto-crop_800_800/B4EZ2fUPYmJ0AI-/0/1776494378427?e=1790208000&v=beta&t=nkRZF6xBgeHCnODGCp35BJ6UCcmP-9fm4mpw_1sXgAA,500,Roel V.,ACwAAACj8KUBIpRIocLN1rSbjSTCPJoDPXk-yoc,https://www.linkedin.com/in/ACwAAACj8KUBIpRIocLN1rSbjSTCPJoDPXk-yoc/,TRUE,FALSE,https://www.linkedin.com/sales/search/people?query=(recentSearchParam%3A(id%3A5869504602%2CdoLogHistory%3Atrue)%2CspellCorrectionEnabled%3Atrue%2Cfilters%3AList((type%3ARELATIONSHIP%2Cvalues%3AList((id%3AF%2Ctext%3A1st%2520degree%2520connections%2CselectionType%3AINCLUDED)))%2C(type%3ACONNECTION_OF%2Cvalues%3AList((id%3AACwAAAn2NDEBGumkSP-qxyxZk6BvpJETw5-rZ9I%2Ctext%3ADr.%2520Kauan%2520von%2520Novack%2CselectionType%3AINCLUDED)))%2C(type%3AREGION%2Cvalues%3AList((id%3A102890719%2Ctext%3ANetherlands%2CselectionType%3AINCLUDED)%2C(id%3A100364837%2Ctext%3APortugal%2CselectionType%3AINCLUDED)%2C(id%3A101282230%2Ctext%3AGermany%2CselectionType%3AINCLUDED)%2C(id%3A106057199%2Ctext%3ABrazil%2CselectionType%3AINCLUDED)%2C(id%3A105646813%2Ctext%3ASpain%2CselectionType%3AINCLUDED)))%2C(type%3ASENIORITY_LEVEL%2Cvalues%3AList((id%3A320%2Ctext%3AOwner%2520%252F%2520Partner%2CselectionType%3AINCLUDED)%2C(id%3A310%2Ctext%3ACXO%2CselectionType%3AINCLUDED)%2C(id%3A300%2Ctext%3AVice%2520President%2CselectionType%3AINCLUDED)))%2C(type%3AYEARS_OF_EXPERIENCE%2Cvalues%3AList((id%3A5%2Ctext%3AMore%2520than%252010%2520years%2CselectionType%3AINCLUDED)%2C(id%3A4%2Ctext%3A6%2520to%252010%2520years%2CselectionType%3AINCLUDED))))%2Ckeywords%3A%2528%2522founder%2522%2520OR%2520%2522co-founder%2522%2520OR%2520%2522owner%2522%2520OR%2520%2522managing%2520partner%2522%2520OR%2520%2522general%2520partner%2522%2520OR%2520%2522managing%2520director%2522%2520OR%2520%2522president%2522%2520OR%2520%2522vice%2520president%2522%2529)&sessionId=9StJpps%2FQUOR1H6sJzFVNg%3D%3D&viewAllFilters=true,2026-09-04T15:39:40.862Z,https://linkedin.com/in/roelverkooijen,573350508,Joey Moreau
"https://www.linkedin.com/sales/lead/ACwAAAAEkAwBm4f7xQhrQ_OgqSViyaAQJBT5Fd0,NAME_SEARCH,Knhz",Kim Oreskovic,Kim,Oreskovic,CelLBxHealth,Non Executive Director and Audit Committee Chair,109209993,https://www.linkedin.com/sales/company/109209993,https://www.linkedin.com/company/109209993,"I am an investor and board director focused on capital allocation in healthcare. My work centres on a structural shift: from reactive systems to preventative, data-driven models — enabled by advances in diagnostics, continuous data, and AI.While the underlying science is progressing rapidly, capital allocation has not kept pace. The constraint is not innovation, but economic alignment — in healthcare, value creation and value capture are often disconnected.  At Innoviance Investments, an early-stage platform focused on preventative health, I focus on areas where capital and incentives lag the underlying science: • early signal detection and diagnostics • continuous and remote data infrastructure • AI-enabled interpretation and decision systems • models that link clinical insight to financial outcomes Alongside investing, I work selectively with VC funds, family offices, and healthtech companies at inflection points where capital, governance, and execution intersect.  My background spans venture capital, M&amp;A, and public company governance. As a Chartered Accountant with a pre-med foundation, I operate at the intersection of science, capital, and execution — evaluating technical innovation through a commercial and strategic lens. I serve on boards and investment committees across healthtech and diagnostics, with a focus on governance, financial discipline, and scaling. I also speak and write on capital allocation, prevention economics, and health care system design.","Board oversight of a publicly listed diagnostics company (liquid biopsy, early cancer detection).

Responsible for financial oversight, audit and controls, capital allocation, and governance, with a focus on aligning clinical development, commercialization, and public market expectations.",Biotechnology Research,"Guildford, England, United Kingdom","Amsterdam, North Holland, Netherlands",9 months in role,1 year 1 month in company,Antler,https://www.linkedin.com/company/27221633,General Partner - Early stage VC,11/2018-10/2020,1 year 11 months,1st,https://media.licdn.com/dms/image/v2/D4E03AQF5OiBQqdJbVg/profile-displayphoto-shrink_800_800/profile-displayphoto-shrink_800_800/0/1718251667732?e=1790208000&v=beta&t=6OieLYbRwBHgSSLK0Bar6K9P0Uo0YwVkPmQyhCwEsOs,306,Kim Oreskovic,ACwAAAAEkAwBm4f7xQhrQ_OgqSViyaAQJBT5Fd0,https://www.linkedin.com/in/ACwAAAAEkAwBm4f7xQhrQ_OgqSViyaAQJBT5Fd0/,FALSE,FALSE,https://www.linkedin.com/sales/search/people?query=(recentSearchParam%3A(id%3A5869504602%2CdoLogHistory%3Atrue)%2CspellCorrectionEnabled%3Atrue%2Cfilters%3AList((type%3ARELATIONSHIP%2Cvalues%3AList((id%3AF%2Ctext%3A1st%2520degree%2520connections%2CselectionType%3AINCLUDED)))%2C(type%3ACONNECTION_OF%2Cvalues%3AList((id%3AACwAAAn2NDEBGumkSP-qxyxZk6BvpJETw5-rZ9I%2Ctext%3ADr.%2520Kauan%2520von%2520Novack%2CselectionType%3AINCLUDED)))%2C(type%3AREGION%2Cvalues%3AList((id%3A102890719%2Ctext%3ANetherlands%2CselectionType%3AINCLUDED)%2C(id%3A100364837%2Ctext%3APortugal%2CselectionType%3AINCLUDED)%2C(id%3A101282230%2Ctext%3AGermany%2CselectionType%3AINCLUDED)%2C(id%3A106057199%2Ctext%3ABrazil%2CselectionType%3AINCLUDED)%2C(id%3A105646813%2Ctext%3ASpain%2CselectionType%3AINCLUDED)))%2C(type%3ASENIORITY_LEVEL%2Cvalues%3AList((id%3A320%2Ctext%3AOwner%2520%252F%2520Partner%2CselectionType%3AINCLUDED)%2C(id%3A310%2Ctext%3ACXO%2CselectionType%3AINCLUDED)%2C(id%3A300%2Ctext%3AVice%2520President%2CselectionType%3AINCLUDED)))%2C(type%3AYEARS_OF_EXPERIENCE%2Cvalues%3AList((id%3A5%2Ctext%3AMore%2520than%252010%2520years%2CselectionType%3AINCLUDED)%2C(id%3A4%2Ctext%3A6%2520to%252010%2520years%2CselectionType%3AINCLUDED))))%2Ckeywords%3A%2528%2522founder%2522%2520OR%2520%2522co-founder%2522%2520OR%2520%2522owner%2522%2520OR%2520%2522managing%2520partner%2522%2520OR%2520%2522general%2520partner%2522%2520OR%2520%2522managing%2520director%2522%2520OR%2520%2522president%2522%2520OR%2520%2522vice%2520president%2522%2529)&sessionId=9StJpps%2FQUOR1H6sJzFVNg%3D%3D&viewAllFilters=true,2026-09-04T15:39:40.862Z,https://linkedin.com/in/kimoreskovic,573350508,Joey Moreau
"https://www.linkedin.com/sales/lead/ACwAAAFMUUUBF8r7zmUMiiyiIVUCDJar3U1HkS8,NAME_SEARCH,yWfu",Gerard Hofmeijer,Gerard,Hofmeijer,F+ Digital Assets,Founder | Digital Assets & RWA,111023936,https://www.linkedin.com/sales/company/111023936,https://www.linkedin.com/company/111023936,"🇳🇱 Nederlands | 🇬🇧 English belowFinanciering is zelden nog vanzelfsprekend. Banken financieren minder volledig en standaardoplossingen schieten steeds vaker tekort. Naarmate projecten complexer worden, draait de vraag niet alleen om waar het kapitaal vandaan komt, maar vooral om hoe de juiste kapitaalstructuur wordt ontworpen. Ik werk met ondernemers, ontwikkelaars en investeerders aan het ontwerpen van kapitaalstructuren die daadwerkelijk uitvoerbaar zijn — met een heldere kapitaalhiërarchie, passende zekerheden en een realistische terugbetalingslogica. Niet door simpelweg meer kapitaal toe te voegen, maar door eerst de juiste structuur te ontwerpen. Mijn werk begint vaak waar financiering vastloopt:  wanneer banken afhaken;  wanneer meerdere kapitaalvormen gecombineerd moeten worden;  wanneer risico, cashflow en zekerheden opnieuw in balans moeten worden gebracht;  of wanneer projecten een internationale kapitaalstrategie vragen.  Vanuit Financiering+ en F+ Digital Assets richt ik mij op het structureren van hybride kapitaaloplossingen voor vastgoed, bedrijven, AI-infrastructuur en andere real assets. Structure First. Capital Follows.  Info 🇬🇧 Financing is no longer straightforward. Banks finance less comprehensively, and standard solutions increasingly fall short. As projects become more complex, the real question is often not where capital comes from, but how the right capital structure should be designed. I work with entrepreneurs, developers and investors to design capital structures that are genuinely executable — with a clear capital hierarchy, appropriate security packages and a realistic repayment logic. Not by adding more capital, but by designing the right capital structure first. My work typically begins where financing stalls:  when banks step back;  when multiple layers of capital need to be combined;  when risk, cash flow and security need to be rebalanced;  or when projects require a cross-border capital strategy.  Through Financiering+ and F+ Digital Assets, I focus on structuring hybrid capital solutions for real estate, businesses, AI infrastructure and other real assets. Structure First. Capital Follows.","🇳🇱 Nederlands | 🇬🇧 English below 
 
F+ Digital Assets richt zich op de toepassing van digitale kapitaalstructuren en tokenisatie binnen private markets, voor ondernemingen, vastgoed en andere real assets.
 
Als gespecialiseerd label van Financiering+ onderzoeken en structureren wij hoe digital assets kunnen worden ingezet binnen een bredere Capital Architecture — van instrument en governance tot uitgifte, distributie en beheer.
 
Tokenisatie zien wij niet als een doel op zich. De onderliggende financierbaarheid en kapitaalstructuur komen eerst. Digitale infrastructuur wordt toegepast wanneer deze aantoonbare toegevoegde waarde biedt voor toegang tot kapitaal, distributie, transparantie of efficiëntie.
 
Daarbij werken wij vanuit een open architectuur met gespecialiseerde juridische, regulatory, technology en distribution partners.
 
F+ Digital Assets is het gespecialiseerde Digital Assets- en RWA-label van Financiering+.

🇬🇧
 
F+ Digital Assets focuses on the application of digital capital structures and tokenisation within private markets, for businesses, real estate and other real assets.
 
As the specialist label of Financiering+, we assess and structure how digital assets can be integrated into a broader Capital Architecture — from instrument design and governance to issuance, distribution and lifecycle management.
 
We do not see tokenisation as an objective in itself. Financeability and the underlying capital structure come first. We apply digital infrastructure where it creates demonstrable value in capital access, distribution, transparency, or efficiency.
 
We operate through an open architecture, working with specialised legal, regulatory, technology and distribution partners.
 
F+ Digital Assets is Financiering+'s specialist label for Digital Assets and Real World Assets (RWAs).",Financial Services,,Netherlands,9 months in role,9 months in company,De Mennega Groep,https://www.linkedin.com/company/693633,Founder / CEO,06/2003-04/2010,6 years 10 months,1st,https://media.licdn.com/dms/image/v2/D4D03AQElku9FttK22w/profile-displayphoto-shrink_800_800/profile-displayphoto-shrink_800_800/0/1701257938797?e=1790208000&v=beta&t=dSFQFKS6yZCrEJkgfAKMcVXhxor6GENQB5gOPAOaTUY,267,Gerard Hofmeijer,ACwAAAFMUUUBF8r7zmUMiiyiIVUCDJar3U1HkS8,https://www.linkedin.com/in/ACwAAAFMUUUBF8r7zmUMiiyiIVUCDJar3U1HkS8/,TRUE,FALSE,https://www.linkedin.com/sales/search/people?query=(recentSearchParam%3A(id%3A5869504602%2CdoLogHistory%3Atrue)%2CspellCorrectionEnabled%3Atrue%2Cfilters%3AList((type%3ARELATIONSHIP%2Cvalues%3AList((id%3AF%2Ctext%3A1st%2520degree%2520connections%2CselectionType%3AINCLUDED)))%2C(type%3ACONNECTION_OF%2Cvalues%3AList((id%3AACwAAAn2NDEBGumkSP-qxyxZk6BvpJETw5-rZ9I%2Ctext%3ADr.%2520Kauan%2520von%2520Novack%2CselectionType%3AINCLUDED)))%2C(type%3AREGION%2Cvalues%3AList((id%3A102890719%2Ctext%3ANetherlands%2CselectionType%3AINCLUDED)%2C(id%3A100364837%2Ctext%3APortugal%2CselectionType%3AINCLUDED)%2C(id%3A101282230%2Ctext%3AGermany%2CselectionType%3AINCLUDED)%2C(id%3A106057199%2Ctext%3ABrazil%2CselectionType%3AINCLUDED)%2C(id%3A105646813%2Ctext%3ASpain%2CselectionType%3AINCLUDED)))%2C(type%3ASENIORITY_LEVEL%2Cvalues%3AList((id%3A320%2Ctext%3AOwner%2520%252F%2520Partner%2CselectionType%3AINCLUDED)%2C(id%3A310%2Ctext%3ACXO%2CselectionType%3AINCLUDED)%2C(id%3A300%2Ctext%3AVice%2520President%2CselectionType%3AINCLUDED)))%2C(type%3AYEARS_OF_EXPERIENCE%2Cvalues%3AList((id%3A5%2Ctext%3AMore%2520than%252010%2520years%2CselectionType%3AINCLUDED)%2C(id%3A4%2Ctext%3A6%2520to%252010%2520years%2CselectionType%3AINCLUDED))))%2Ckeywords%3A%2528%2522founder%2522%2520OR%2520%2522co-founder%2522%2520OR%2520%2522owner%2522%2520OR%2520%2522managing%2520partner%2522%2520OR%2520%2522general%2520partner%2522%2520OR%2520%2522managing%2520director%2522%2520OR%2520%2522president%2522%2520OR%2520%2522vice%2520president%2522%2529)&sessionId=9StJpps%2FQUOR1H6sJzFVNg%3D%3D&viewAllFilters=true,2026-09-04T15:39:40.862Z,https://linkedin.com/in/gerardhofmeijer,573350508,Joey Moreau
"https://www.linkedin.com/sales/lead/ACwAAAD5gPMBsdJpLTk0Xnycug0xH3wMNl3-nEA,NAME_SEARCH,eyDL",Dr. Miguel Ángel López Trujillo,Dr. Miguel Ángel,López Trujillo,EXVOLUTION®,Associated Partner,101877973,https://www.linkedin.com/sales/company/101877973,https://www.linkedin.com/company/101877973,"𝗙𝗘𝗘𝗟𝗜𝗡𝗚 𝗦𝗧𝗨𝗖𝗞 𝗜𝗡 𝗧𝗛𝗘 𝗪𝗘𝗘𝗗𝗦 𝗔𝗡𝗗 𝗖𝗢𝗠𝗣𝗟𝗘𝗧𝗘𝗟𝗬 𝗢𝗩𝗘𝗥𝗪𝗛𝗘𝗟𝗠𝗘𝗗 𝗪𝗜𝗧𝗛 𝗡𝗢 𝗧𝗜𝗠𝗘 𝗧𝗢 𝗔𝗖𝗧𝗨𝗔𝗟𝗟𝗬 𝗚𝗥𝗢𝗪 𝗬𝗢𝗨𝗥 𝗕𝗨𝗦𝗜𝗡𝗘𝗦𝗦?

▶️ 50% of sales time wasted on low-value accounts. McKinsey 2023
▶️ 72% of CEOs stuck in meetings, not strategy. HBR 2018
▶️ 85% of founders face high stress; 90% never secure capital. Dealroom + State of Startup Founder 2023

𝗪𝗛𝗬 𝗕𝗥𝗜𝗟𝗟𝗜𝗔𝗡𝗧 𝗙𝗢𝗨𝗡𝗗𝗘𝗥𝗦 𝗦𝗧𝗔𝗬 𝗦𝗧𝗨𝗖𝗞

You proved market fit, built traction, clients, maybe funding
But what once felt exciting now feels heavy. Operational chaos replaces innovation

Tried working harder, hiring faster, getting mentors
Yet decisions pile up, teams lose focus, clarity fades

👉Scaling isn’t about doing more but thinking differently

Until you upgrade strategy, clarity, and leadership you’ll stay the bottleneck
Your company will depend on willpower, not systems

𝗙𝗘𝗘𝗟𝗦 𝗙𝗔𝗠𝗜𝗟𝗜𝗔𝗥? 𝗬𝗢𝗨’𝗥𝗘 𝗡𝗢𝗧 𝗔𝗟𝗢𝗡𝗘

I’ve worked with founders like Lucas: bottleneck to confident CEO landing 30 clients incl. Coca-Cola
Laura built a data-driven sales system adding 240K + 48× ROI
Isabel turned a biotech plan into an investor-ready strategy raising 4M

All began exhausted, uncertain, disconnected from leadership energy

𝗧𝗛𝗘 𝗙𝗢𝗨𝗡𝗗𝗔𝗧𝗜𝗢𝗡𝗦 𝗧𝗢 𝗦𝗖𝗔𝗟𝗘 𝗦𝗬𝗦𝗧𝗘𝗠

My program installs a personalized operating system to grow without chaos

My GPS Model (Growth–Positioning–Systems) integrates
1️⃣ Growth: focus on what moves the needle
2️⃣ Positioning: own your story so clients instantly get your value
3️⃣ Systems: build structure & stability for founder & team

Once aligned, growth stops draining energy—it compounds

𝗥𝗘𝗔𝗟 𝗥𝗘𝗦𝗨𝗟𝗧𝗦
✅ 2–3× revenue growth in 6–12 months
✅ CEOs spending 50% less time managing, more leading
✅ Investor-ready systems making funding easy
✅ Renewed confidence & energy for bold decisions

As one founder said: “For the 1st time, I’m scaling without losing control. My business finally works for me”
🎥 20+ founder videos→ tinyurl.com/miguelresultsvideos

𝗪𝗛𝗢 𝗜 𝗛𝗘𝗟𝗣

• Tech-driven founders & CEOs (B2B, HealthTech, DeepTech, FinTech)
• 600K–5M ARR, stuck between traction & scale
• Decisive, coachable, growth-driven, ready to lead strategically

That’s you?
You don’t need another accelerator—just an operating system for growth that expands results, not complexity

𝗥𝗘𝗔𝗗𝗬 𝗧𝗢 𝗦𝗖𝗔𝗟𝗘 𝗪𝗜𝗧𝗛𝗢𝗨𝗧 𝗖𝗛𝗔𝗢𝗦?

1️⃣ DM me to find what’s keeping you from your next level
2️⃣ Or book a free 15-min Clarity Call (no pitch)→ calendly.com/malopeztrujillo/clarity-call","• Advised DeepTech, HealthTech and science-driven ventures on commercialization, growth strategy and investor readiness, helping transform complex innovation into scalable and market-oriented businesses.
• Led high-level strategic initiatives with founders, executives and innovation stakeholders to accelerate market adoption, business execution and sustainable growth.",Professional Training and Coaching,,Greater Madrid Metropolitan Area,2 years 5 months in role,2 years 5 months in company,activeS,https://www.linkedin.com/company/9335481,Business Development Partner,12/2019-06/2020,6 months,1st,https://media.licdn.com/dms/image/v2/D4E03AQFHxhblTQH0QA/profile-displayphoto-crop_800_800/B4EZ_NCtmfH8AI-/0/1785851469176?e=1790208000&v=beta&t=bnl6OsPH5Ugru8tBKtaSVIQM2lzrqp6W8L-OooqrzX8,100,Dr. Miguel Ángel López Trujillo,ACwAAAD5gPMBsdJpLTk0Xnycug0xH3wMNl3-nEA,https://www.linkedin.com/in/ACwAAAD5gPMBsdJpLTk0Xnycug0xH3wMNl3-nEA/,TRUE,FALSE,https://www.linkedin.com/sales/search/people?query=(recentSearchParam%3A(id%3A5869504602%2CdoLogHistory%3Atrue)%2CspellCorrectionEnabled%3Atrue%2Cfilters%3AList((type%3ARELATIONSHIP%2Cvalues%3AList((id%3AF%2Ctext%3A1st%2520degree%2520connections%2CselectionType%3AINCLUDED)))%2C(type%3ACONNECTION_OF%2Cvalues%3AList((id%3AACwAAAn2NDEBGumkSP-qxyxZk6BvpJETw5-rZ9I%2Ctext%3ADr.%2520Kauan%2520von%2520Novack%2CselectionType%3AINCLUDED)))%2C(type%3AREGION%2Cvalues%3AList((id%3A102890719%2Ctext%3ANetherlands%2CselectionType%3AINCLUDED)%2C(id%3A100364837%2Ctext%3APortugal%2CselectionType%3AINCLUDED)%2C(id%3A101282230%2Ctext%3AGermany%2CselectionType%3AINCLUDED)%2C(id%3A106057199%2Ctext%3ABrazil%2CselectionType%3AINCLUDED)%2C(id%3A105646813%2Ctext%3ASpain%2CselectionType%3AINCLUDED)))%2C(type%3ASENIORITY_LEVEL%2Cvalues%3AList((id%3A320%2Ctext%3AOwner%2520%252F%2520Partner%2CselectionType%3AINCLUDED)%2C(id%3A310%2Ctext%3ACXO%2CselectionType%3AINCLUDED)%2C(id%3A300%2Ctext%3AVice%2520President%2CselectionType%3AINCLUDED)))%2C(type%3AYEARS_OF_EXPERIENCE%2Cvalues%3AList((id%3A5%2Ctext%3AMore%2520than%252010%2520years%2CselectionType%3AINCLUDED)%2C(id%3A4%2Ctext%3A6%2520to%252010%2520years%2CselectionType%3AINCLUDED))))%2Ckeywords%3A%2528%2522founder%2522%2520OR%2520%2522co-founder%2522%2520OR%2520%2522owner%2522%2520OR%2520%2522managing%2520partner%2522%2520OR%2520%2522general%2520partner%2522%2520OR%2520%2522managing%2520director%2522%2520OR%2520%2522president%2522%2520OR%2520%2522vice%2520president%2522%2529)&sessionId=9StJpps%2FQUOR1H6sJzFVNg%3D%3D&viewAllFilters=true,2026-09-04T15:39:40.862Z,https://linkedin.com/in/googlehumano,573350508,Joey Moreau
"https://www.linkedin.com/sales/lead/ACwAAAC8uKwBo9Z82LzvY1KkRdzi6CNKsspxnaE,NAME_SEARCH,HbLr",Diego Fernandez,Diego,Fernandez,GELLIFY,CEO & Co-Founder GELLIFY Iberia,10966195,https://www.linkedin.com/sales/company/10966195,https://www.linkedin.com/company/10966195,"About Me:I am an executive and entrepreneur specialized in turning innovation into real growth.I work with corporations and startups to design, launch, and scale new businesses and ignite #AI strategies to create real and tangible value.With a track record of three successful startup exits, I bring a unique blend of vision, expertise, creativity and pragmatism to the table. My passion lies in harnessing disruptive ideas and converting them into scalable ventures that make a tangible impact.Key Skills:Connector: My extensive global network spans the innovation ecosystem, from venture capital to emerging startups.Strategic Advisor: Specializing in setting and rolling out high-impact innovation strategies that position companies as market leaders.Investment Strategist: A keen eye for profitable opportunities, both as a deal flow evaluator and investment advisor for corporations and VC funds.Doer: Proven ability to execute ideas from the drawing board to market, bringing them to life with a results-driven approach.Board &amp; Advisory Roles:In addition to my executive roles, I hold positions on various international Startup, SME &amp; VC Boards, providing strategic direction and governance, helping boards anticipate disruption and create new growth engines through corporate venture and innovation strategy.---------------Corporate Venture, Open Innovation, Venture Building, Digital Transformation, Innovation Strategy, Startup Ecosystem, Scaleups, M&amp;A Innovation, Growth Strategy. Artificial Intelligence.",,Business Consulting and Services,"Milan, Lombardy, Italy",Greater Barcelona Metropolitan Area,6 years 7 months in role,6 years 7 months in company,Mornings4 Foundation,https://www.linkedin.com/company/11134894,Co-Founder & Board Member,09/2017-2024,7 years,1st,https://media.licdn.com/dms/image/v2/C5603AQEebujLunKlYQ/profile-displayphoto-shrink_800_800/profile-displayphoto-shrink_800_800/0/1609350316949?e=1790208000&v=beta&t=QUYxWtbWn3bUmSnL3OS-sqjsZVupDLUvDjpa3vOdakk,139,Diego Fernandez,ACwAAAC8uKwBo9Z82LzvY1KkRdzi6CNKsspxnaE,https://www.linkedin.com/in/ACwAAAC8uKwBo9Z82LzvY1KkRdzi6CNKsspxnaE/,TRUE,FALSE,https://www.linkedin.com/sales/search/people?query=(recentSearchParam%3A(id%3A5869504602%2CdoLogHistory%3Atrue)%2CspellCorrectionEnabled%3Atrue%2Cfilters%3AList((type%3ARELATIONSHIP%2Cvalues%3AList((id%3AF%2Ctext%3A1st%2520degree%2520connections%2CselectionType%3AINCLUDED)))%2C(type%3ACONNECTION_OF%2Cvalues%3AList((id%3AACwAAAn2NDEBGumkSP-qxyxZk6BvpJETw5-rZ9I%2Ctext%3ADr.%2520Kauan%2520von%2520Novack%2CselectionType%3AINCLUDED)))%2C(type%3AREGION%2Cvalues%3AList((id%3A102890719%2Ctext%3ANetherlands%2CselectionType%3AINCLUDED)%2C(id%3A100364837%2Ctext%3APortugal%2CselectionType%3AINCLUDED)%2C(id%3A101282230%2Ctext%3AGermany%2CselectionType%3AINCLUDED)%2C(id%3A106057199%2Ctext%3ABrazil%2CselectionType%3AINCLUDED)%2C(id%3A105646813%2Ctext%3ASpain%2CselectionType%3AINCLUDED)))%2C(type%3ASENIORITY_LEVEL%2Cvalues%3AList((id%3A320%2Ctext%3AOwner%2520%252F%2520Partner%2CselectionType%3AINCLUDED)%2C(id%3A310%2Ctext%3ACXO%2CselectionType%3AINCLUDED)%2C(id%3A300%2Ctext%3AVice%2520President%2CselectionType%3AINCLUDED)))%2C(type%3AYEARS_OF_EXPERIENCE%2Cvalues%3AList((id%3A5%2Ctext%3AMore%2520than%252010%2520years%2CselectionType%3AINCLUDED)%2C(id%3A4%2Ctext%3A6%2520to%252010%2520years%2CselectionType%3AINCLUDED))))%2Ckeywords%3A%2528%2522founder%2522%2520OR%2520%2522co-founder%2522%2520OR%2520%2522owner%2522%2520OR%2520%2522managing%2520partner%2522%2520OR%2520%2522general%2520partner%2522%2520OR%2520%2522managing%2520director%2522%2520OR%2520%2522president%2522%2520OR%2520%2522vice%2520president%2522%2529)&sessionId=9StJpps%2FQUOR1H6sJzFVNg%3D%3D&viewAllFilters=true,2026-09-04T15:39:40.862Z,https://linkedin.com/in/diegomfer,573350508,Joey Moreau
"https://www.linkedin.com/sales/lead/ACwAAAIN6h0BUCkP-Qy0Yq8MWNkIP-yIc9C-yEQ,NAME_SEARCH,t1K_",Toon van Beek,Toon,van Beek,BEEX Real Estate,Co-Founder & Partner,81430588,https://www.linkedin.com/sales/company/81430588,https://www.linkedin.com/company/81430588,,,Real Estate,"Amsterdam, North Holland, Netherlands","Amsterdam, North Holland, Netherlands",4 years 9 months in role,4 years 9 months in company,BrookRose Real Estate,https://www.linkedin.com/company/3097113,Partner,06/2012-01/2022,9 years 7 months,1st,https://media.licdn.com/dms/image/v2/D4E03AQHwry96B-T8LA/profile-displayphoto-shrink_800_800/profile-displayphoto-shrink_800_800/0/1702407644763?e=1790208000&v=beta&t=anToLQYv0IkArvwTIDQHg8Ecuh5-BnML8eQ4Qy_Szys,41,Toon van Beek,ACwAAAIN6h0BUCkP-Qy0Yq8MWNkIP-yIc9C-yEQ,https://www.linkedin.com/in/ACwAAAIN6h0BUCkP-Qy0Yq8MWNkIP-yIc9C-yEQ/,FALSE,FALSE,https://www.linkedin.com/sales/search/people?query=(recentSearchParam%3A(id%3A5869504602%2CdoLogHistory%3Atrue)%2CspellCorrectionEnabled%3Atrue%2Cfilters%3AList((type%3ARELATIONSHIP%2Cvalues%3AList((id%3AF%2Ctext%3A1st%2520degree%2520connections%2CselectionType%3AINCLUDED)))%2C(type%3ACONNECTION_OF%2Cvalues%3AList((id%3AACwAAAn2NDEBGumkSP-qxyxZk6BvpJETw5-rZ9I%2Ctext%3ADr.%2520Kauan%2520von%2520Novack%2CselectionType%3AINCLUDED)))%2C(type%3AREGION%2Cvalues%3AList((id%3A102890719%2Ctext%3ANetherlands%2CselectionType%3AINCLUDED)%2C(id%3A100364837%2Ctext%3APortugal%2CselectionType%3AINCLUDED)%2C(id%3A101282230%2Ctext%3AGermany%2CselectionType%3AINCLUDED)%2C(id%3A106057199%2Ctext%3ABrazil%2CselectionType%3AINCLUDED)%2C(id%3A105646813%2Ctext%3ASpain%2CselectionType%3AINCLUDED)))%2C(type%3ASENIORITY_LEVEL%2Cvalues%3AList((id%3A320%2Ctext%3AOwner%2520%252F%2520Partner%2CselectionType%3AINCLUDED)%2C(id%3A310%2Ctext%3ACXO%2CselectionType%3AINCLUDED)%2C(id%3A300%2Ctext%3AVice%2520President%2CselectionType%3AINCLUDED)))%2C(type%3AYEARS_OF_EXPERIENCE%2Cvalues%3AList((id%3A5%2Ctext%3AMore%2520than%252010%2520years%2CselectionType%3AINCLUDED)%2C(id%3A4%2Ctext%3A6%2520to%252010%2520years%2CselectionType%3AINCLUDED))))%2Ckeywords%3A%2528%2522founder%2522%2520OR%2520%2522co-founder%2522%2520OR%2520%2522owner%2522%2520OR%2520%2522managing%2520partner%2522%2520OR%2520%2522general%2520partner%2522%2520OR%2520%2522managing%2520director%2522%2520OR%2520%2522president%2522%2520OR%2520%2522vice%2520president%2522%2529)&sessionId=9StJpps%2FQUOR1H6sJzFVNg%3D%3D&viewAllFilters=true,2026-09-04T15:39:40.862Z,https://linkedin.com/in/toon-van-beek,573350508,Joey Moreau
"https://www.linkedin.com/sales/lead/ACwAAAODW5MBMNBM1MZBZciyV94yMOPgA0SsSoM,NAME_SEARCH,mLqU",Willem Straat,Willem,Straat,KeyPro - Furniture Rental,"Owner, Director, Founder",4831683,https://www.linkedin.com/sales/company/4831683,https://www.linkedin.com/company/4831683,"Experienced Shareholder with a demonstrated history of working in the real estate industry. Skilled in Nonprofit Organizations, Operations Management, Facility Management. Strong business development professional, commercial, technical and creative focused. ","Al sinds 2011 richt KeyPro tijdelijke ruimtes slim, stijlvol en circulair in met onze duurzame meubelverhuur. Want waarom kopen als je ook kunt huren? Onze duurzame meubels krijgen meerdere levens, waardoor organisaties besparen op kosten én hun ecologische voetafdruk verkleinen. Win-win!

We richten complete woningen in voor o.a. woningcorporaties, gemeenten, multinationals en vastgoedprojecten. Denk aan:
- (nood)opvanglocaties
- logeer- of wisselwoningen
- modelwoningen
- expats huisvestingen

We regelen alles: levering, installatie, montage én styling. Van theelepeltje in de keukenla tot wc-rol aan de houder. Met KeyPro heb je snel een sfeervol thuis, kantoor of opvangplek die helemaal compleet is. De bewoner hoeft enkel nog persoonlijke spullen mee te nemen. En als het niet meer nodig is, halen we het weer op.

Mét aanvullende diensten?
✔️ TV- en internetaansluiting
✔️ Stoffering
✔️ Vloer- en wandafwerking
✔️ Schoonmaakservice
✔️ Nog veel meer!

Omdat we niet alleen inrichten, maar ook ontzorgen. En omdat we staan voor veiligheid, kwaliteit en duurzaamheid:
- VCA-gecertificeerd (veilig werken)
- ISO 9001-gecertificeerd (kwaliteitsgarantie)
- ISO 14001-gecertificeerd (duurzaam ondernemen)
- Erkend leerbedrijf (we leiden de vakmensen van morgen op)

Ontdek wat wij voor jou kunnen betekenen. Neem vandaag nog contact met ons op!",Furniture and Home Furnishings Manufacturing,"Groningen, Groningen, Netherlands",Greater Groningen Area,15 years 5 months in role,15 years 5 months in company,Citylab Hotel Groningen,,"Shareholder, Founder",04/2019-08/2023,4 years 4 months,1st,https://media.licdn.com/dms/image/v2/D4E03AQHQv8aF2vCkhg/profile-displayphoto-crop_800_800/B4EZsIhf3SJgAI-/0/1765374558183?e=1790208000&v=beta&t=SZqh9r3PTgBm43iHJFl-QuL67f3tQviNs7PPZgtec54,72,Willem Straat,ACwAAAODW5MBMNBM1MZBZciyV94yMOPgA0SsSoM,https://www.linkedin.com/in/ACwAAAODW5MBMNBM1MZBZciyV94yMOPgA0SsSoM/,FALSE,FALSE,https://www.linkedin.com/sales/search/people?query=(recentSearchParam%3A(id%3A5869504602%2CdoLogHistory%3Atrue)%2CspellCorrectionEnabled%3Atrue%2Cfilters%3AList((type%3ARELATIONSHIP%2Cvalues%3AList((id%3AF%2Ctext%3A1st%2520degree%2520connections%2CselectionType%3AINCLUDED)))%2C(type%3ACONNECTION_OF%2Cvalues%3AList((id%3AACwAAAn2NDEBGumkSP-qxyxZk6BvpJETw5-rZ9I%2Ctext%3ADr.%2520Kauan%2520von%2520Novack%2CselectionType%3AINCLUDED)))%2C(type%3AREGION%2Cvalues%3AList((id%3A102890719%2Ctext%3ANetherlands%2CselectionType%3AINCLUDED)%2C(id%3A100364837%2Ctext%3APortugal%2CselectionType%3AINCLUDED)%2C(id%3A101282230%2Ctext%3AGermany%2CselectionType%3AINCLUDED)%2C(id%3A106057199%2Ctext%3ABrazil%2CselectionType%3AINCLUDED)%2C(id%3A105646813%2Ctext%3ASpain%2CselectionType%3AINCLUDED)))%2C(type%3ASENIORITY_LEVEL%2Cvalues%3AList((id%3A320%2Ctext%3AOwner%2520%252F%2520Partner%2CselectionType%3AINCLUDED)%2C(id%3A310%2Ctext%3ACXO%2CselectionType%3AINCLUDED)%2C(id%3A300%2Ctext%3AVice%2520President%2CselectionType%3AINCLUDED)))%2C(type%3AYEARS_OF_EXPERIENCE%2Cvalues%3AList((id%3A5%2Ctext%3AMore%2520than%252010%2520years%2CselectionType%3AINCLUDED)%2C(id%3A4%2Ctext%3A6%2520to%252010%2520years%2CselectionType%3AINCLUDED))))%2Ckeywords%3A%2528%2522founder%2522%2520OR%2520%2522co-founder%2522%2520OR%2520%2522owner%2522%2520OR%2520%2522managing%2520partner%2522%2520OR%2520%2522general%2520partner%2522%2520OR%2520%2522managing%2520director%2522%2520OR%2520%2522president%2522%2520OR%2520%2522vice%2520president%2522%2529)&sessionId=9StJpps%2FQUOR1H6sJzFVNg%3D%3D&viewAllFilters=true,2026-09-04T15:39:40.862Z,https://linkedin.com/in/willem-straat-b838a417,573350508,Joey Moreau